keyword,page,position,id,type,name,brand,averageRating,manufacturerName,shortDescription,thumbnailUrl,price,currencyUnit
laptop,1,1,3YOHPMYJOUEV,Laptop Computers,"HP 15.6"" Laptop Bundle, AMD Ryzen 3 3250U, 4GB RAM, 128GB SSD, Wireless Mouse, Pale Rose Gold, Windows 11 Home in S mode, 15-ef1716wm",HP,4.1,,"Designed to keep you productive and entertained from anywhere, the HP 15.6 inch laptop combines long lasting battery life with a thin micro-edge bezel design. Thin, light, and designed to travel. See more of your photos, videos and projects on a 15.6 inch diagonal micro-edge bezel display. Tackle your busiest days with the performance of a reliable processor. Save more of what you love with plenty of storage for all your photos, videos and documents. Long-lasting battery life and HP Fast Charge technology lets you work, watch, and stay connected all day. Integrated precision touchpad with multi-touch support speeds up navigation and productivity. Seamlessly and securely log into your device with the touch of your finger. Matching HP Wireless Mouse included.",https://i5.walmartimages.com/seo/HP-15-6-Laptop-Bundle-AMD-Ryzen-3-3250U-4GB-RAM-128GB-SSD-Wireless-Mouse-Pale-Rose-Gold-Windows-11-Home-in-S-mode-15-ef1716wm_3392b132-1afd-4d1d-ae35-59a083a9b8ba.9d313ad4905686553da026b28a363742.jpeg,229,USD
laptop,1,45,1DEBGATJBTJS,Laptop Computers,"Lenovo IdeaPad 3i 14""FHD Laptop, Intel Core i5-1135G7, 8GB, 256GB SSD, Windows 11, Platinum Grey, 81X700FVUS",Lenovo,4.6,,"Engineered for long-lasting performance, the Lenovo IdeaPad 3i delivers powerful performance with an Intel Core i5 Processor and Integrated Intel Iris X Graphics. A narrow bezel on 2 sides makes for a clean design and larger display giving you more viewing area and less clutter. Keep your privacy intact with a physical shutter for your webcam bringing you peace of mind when you need it. It's a laptop that's perfect for your everyday tasks, with features that you can depend on.",https://i5.walmartimages.com/seo/Lenovo-IdeaPad-3i-14-FHD-Laptop-Intel-Core-i5-1135G7-8GB-256GB-SSD-Windows-11-Platinum-Grey-81X700FVUS_70701446-e63a-4490-a792-f7fdd3f7df00.8ede4ef5dbddddbc3d98b5a7383c53a0.jpeg,358.99,USD
laptop,1,44,5SS9U66J2V2Q,Laptop Computers,"Acer Spin 311 11.6"" Touchscreen MediaTek MT8183C 4GB/32GB Chromebook - Silver - CP311-3H-K3WL",Acer,4.3,,"The stylish Chromebook Spin 311 easily transforms into anything you need it to be, thanks to its flexible 360° hinge that lets you rotate it to any angle to create a notebook, stand-up display, tent or tablet-style device. This immensely versatility folds into any situation, allowing you to take it anywhere and use it everywhere! Weighing in at just 2.21lbs., it’s ultra-light and easily transported in a backpack or bag. The power efficient MT8183C processor and generous battery give it up to 15 hours of battery life, meaning a full charge will easily last the working day and all evening. Get the best of Google, more than 2 million Android apps, Gmail, Maps, Docs and Pics. Back up all your files safely in Google Drive. Whatever your need, this super portable design meets the rigors of daily life—inside and outside the classroom.",https://i5.walmartimages.com/seo/Acer-Spin-311-11-6-Touchscreen-MediaTek-MT8183C-4GB-32GB-Chromebook-Silver-CP311-3H-K3WL_142d29c4-fb7e-4abd-8383-39466511baf0.cd550ac5ada74a9d2859208a4b214bf1.jpeg,182.85,USD
laptop,1,43,43LI6BV6GHGK,Laptop Computers,"HP 17.3"" FHD Laptop, Intel Core i3-N305, 8GB RAM, 256GB SSD, Windows 11 Home, 17-cn3034wm",HP,4.3,,"The HP 17.3"" Laptop PC gives you a bigger screen in a smaller footprint, while blending performance and comfort. Get things done with a peace of mind, the HP 17.3 inch Laptop PC is EPEAT Silver registered and ENERGY STAR certified. And it contains sustainable, post-consumer recycled plastics. See more on the 17.3 inch diagonal high resolution screen with a narrow bezel, and get comfy while you type with a new lift-hinge that elevates the keyboard. Multitasking feels easy and fast with the performance of an Intel processor, powerful graphics, and speedy Wi-Fi technology. Store more of what you love with a lot of storage. With comfort features like HP Fast Charge and a big click pad, this laptop lets you do you.",https://i5.walmartimages.com/seo/HP-17-3-FHD-Laptop-Intel-Core-i3-N305-8GB-RAM-256GB-SSD-Windows-11-Home-17-cn3034wm_a7f66cf6-05bd-4d80-a008-14ed7aceab5a.83b57d98f56208a20db2a08dd1574f92.jpeg,411.14,USD
laptop,1,42,0VLCQK0V5C9G,Laptop Computers,"NBD Laptop Computer(7 inch), Quad Core Powered by Android 12.0, Netbook Computer with WiFi, Webcam and Bluetooth, Mini Laptop with Bag, Mouse, and Mouse Pad for Kids（Pink）",NBD,5,,"NBD Laptop Computer(7 inch), Quad Core Powered by Android 12.0, Netbook Computer with WiFi, Webcam and Bluetooth, Mini Laptop with Bag, Mouse, and Mouse Pad for Kids
<br>【Powerful Laptop】: NBD notebook computer supports Android 12.0 operating system, with a quad-core and 2G RAM+32 GB ROM large storage capacity, allowing you to store a large number of pictures, videos, and applications, and the computer runs smoothly to help you handle work easily.
<br>【7 Inch IPS Screen】：The Laptop computer with 7 inch IPS HD screen allows you to enjoy colorful entertainment from any angle. It is designed to maximize your movie viewing (YouTube, Netflix, etc.!) and gaming experience. Bluetooth and USB ports provide all required input and output connection options as you want.
<br>【Lightweight and Portable】:The NBD pink laptop is a stylish design. It is easy to carry and suitable for free use by children for online learning or entertainment.
<br>【Connectivity for Productivity】: Laptop is equipped with a variety of ports, including USB ports, TF slots that can also be used as storage expansion, 3.5mm jack ports. Make your work more efficient.
<br>【Fully equipped, Super-Valued Kit】:The computer kit includes laptop*1,black computer bag*1, mouse*1, mouse pad*1, Charger*1 and User's manual*1. It's super cost-effective. With these, you can work, watch videos, take online classes, and have fun as you like.",https://i5.walmartimages.com/seo/NBD-Laptop-Computer-7-inch-Quad-Core-Powered-Android-12-0-Netbook-Computer-WiFi-Webcam-Bluetooth-Mini-Bag-Mouse-Mouse-Pad-Kids-Pink_85296625-cd5d-4fd1-96b3-9fdf773ef114.f5fd0515eca383ffc1c8e3878abcd00d.jpeg,99,USD
laptop,1,41,55CANYMXW8DY,Laptop Computers,"HP X360 14” Celeron 2-in-1 Touch 4GB/64GB Chromebook-Teal, Intel Celeron N4000, 4GB RAM, 64 GB eMMC, Teal, 14a-ca0030wm",HP,4.2,,"The HP Chromebook x360 convertible laptop has entertaining views that adjust to you thanks to the flexible 360-degree hinge, and the power to tackle work and play all day with a long battery life. Easy-to-use Chrome operating system was designed to be fast in every possible way while keeping you safe and more secure on the web. The dual-core Intel® Celeron® processor is the perfect combination of performance, power consumption, and value to help your device run smoothly and reliably with two processing cores to handle all your tasks. Pinch, zoom and swipe on the HD touchscreen to intuitively control your PC. Get online easier when you're away from Wi-Fi. With Google Instant Tethering, your Chromebook will automatically share an Android phone's cellular connection. With a quick, one-step pairing, your Chromebook can be unlocked by your mobile device when nearby or send and receive messages through the web. Work faster and smarter with Google Assistant. Seamlessly multitask, ask questions and control your entertainment hands-free with a simple voice command. Get the Android apps you already love on your phone and tablet through the Google Play Store, without compromising their speed, simplicity or security.",https://i5.walmartimages.com/seo/HP-X360-14-Celeron-2-in-1-Touch-4GB-64GB-Chromebook-Teal-Intel-Celeron-N4000-4GB-RAM-64-GB-eMMC-Teal-14a-ca0030wm_33dec549-bf1a-4d1c-9165-7e1d3bd62a71.92e69b79b60021aa2a983207475f8a39.jpeg,292,USD
laptop,1,40,6L9C0LP5ABOJ,Laptop Computers,"Lenovo Ideapad 1i, 14.0"" Laptop, Intel Pentium N5030, 4GB RAM, 128GB eMMC Storage, Cloud Grey, Windows 11 in S Mode with Office 365 1-yr, 82V6001DUS",Lenovo,3.9,,"<p>The IdeaPad 1i raises the bar on every affordable laptop with a super efficient Intel Pentium processor in a thin and compact 17.9 mm chassis that makes multitasking a breeze while boosting energy efficiency with 10 hours of battery life and rapid charge. Get more value with four sided narrow bezels for maximum screen, Dolby Audio speakers and Flip to Start for instant bootup. Includes Microsoft 365.</p>",https://i5.walmartimages.com/seo/Lenovo-Ideapad-1i-14-0-Laptop-Intel-Pentium-N5030-4GB-RAM-128GB-eMMC-Storage-Cloud-Grey-Windows-11-in-S-Mode-with-Office-365-1-yr-82V6001DUS_9ef0e7e7-607f-40f0-a47a-37a754da92dc.7f5be0d865f6efc0542a357ad57de7f2.jpeg,233.98,USD
laptop,1,39,3QEXZJAVBAYQ,Laptop Computers,"Lenovo IdeaPad 3i 14"", Intel Core i5-1155G7, 8GB RAM, 512GB SSD, Artic Grey, Windows 11, 82H701QNUS",Lenovo,4.6,,"The ultimate Smart Learning notebook, the Lenovo IdeaPad 3i pairs up to 11th Generation Intel Core i5 processors with tailored work and learn from home solutions that address eye strain, posture problems and at-home distractions, while deploying intelligent thermals for a cool and whisper-quiet system. The new privacy shutter on the camera also lets you reserve complete control over your privacy in the home and beyond.",https://i5.walmartimages.com/seo/Lenovo-IdeaPad-3i-14-Intel-Core-i5-1155G7-8GB-RAM-512GB-SSD-Artic-Grey-Windows-11-82H701QNUS_f7505207-0e27-4810-a19d-07d48d95bbf8.7873b90d194984fab54aa66ae8b06084.jpeg,389,USD
laptop,1,38,5ZXAN85414RL,Laptop Computers,"ASUS Vivobook Go 15.6"" FHD Laptop, Intel Pentium, 4GB, 128GB, Win 11 (S Mode), Office 365 1-Yr, Pink",ASUS,3.8,,"ASUS Vivobook Go 15 Laptop is designed to help you be productive all day — even when you’re on the move. This compact and lightweight 15 inch laptop is powered by the Intel® processor and provides long lasting battery life. With preloaded Windows 11 in S mode, it offers full compatibility with a wide range of software and peripherals. It’s the best laptop for people on the go.",https://i5.walmartimages.com/seo/ASUS-Vivobook-Go-15-6-FHD-Laptop-Intel-Pentium-4GB-128GB-Win-11-S-Mode-Office-365-1-Yr-Pink_7c697411-a3b3-418a-841a-f9187d227942.5401e91625a5c89fce91473be287ea26.jpeg,219.99,USD
laptop,1,37,6XRJUYGQTU94,Laptop Computers,"CHUWI GemiBook XPro 14"" Laptop,256GB SSD 8GB RAM,12th Gen Intel Alder Lake N100(Up to 3.4GHz),Windows 11 Notebook Gaming Computer,2160*1440 IPS Display,Wi-Fi,Bluetooth 5.1,Full Metal",Chuwi,4.4,,"<p>【Alder N100 Processor】CHUWI Gemibook XPro comes with newest 12th Gen Intel Alder Lake-N100 (frequency is 3.4GHz and quad-core 4 threads). Pre-installed Windows 11 home OS. Supports DirectX 12 and OpenGL 4.5, it can run most modern games at mid graphics settings.<br></p>
<p>【14.1 inch IPS FHD Screen】With 2K 1920*1080 Resolution, over 80% screen occupancy, 16:9 aspect ratio that delivers stunning color accuracy and detailed images. 38Wh high-performance battery can work for 6 to 8 hours without worrying about running out of power.</p>
<p>【8GB LPDDR5+256GB SSD】Dual channel 4800MHz LPDDR5 RAM delivering quick app launches, smooth games and videos. 256GB SSD hard disk ideal for downloading tons of files, apps, songs. Support M.2 SSD expansion to 1TB. TF card interface supports up to 128GB.<br>
</p>
<p>【Light &amp; Thin Body】Whole body approx 3.2lbs and thickness is 0.7"", is engineered for superior heat and impact resistance. The full-sized keyboard and large trackpad combination provides a comfortable typing experience.&nbsp;    Durable and lightweight design makes it perfect for home or travel. 
    
</p>
<p>【WiFi6 &amp; BT5.2】WiFi 6 is 3X faster than AC 5G Wi-Fi, and saves 30% power consumption, is ideal for online courses, telecommuting, video and games. This win11 laptop builts in Bluetooth 5.2, the data transmission speed is increased by 100% compared to BT 4.2, it can be more stable at high speed.
    
    
</p>
<p>【Better Interaction】The full-sized keyboard and large trackpad combination provide an intuitive and efficient way to interact with your device, making it easy to get work done or enjoy multimedia content.</p><p>【Privacy Protection】The physical webcam slide locker design is an essential feature that can protect your privacy against potential    cyber threats, and that you have complete control over your privacy.<br></p>",https://i5.walmartimages.com/seo/CHUWI-GemiBook-XPro-14-Laptop-256GB-SSD-8GB-RAM-12th-Gen-Intel-Alder-Lake-N100-Up-3-4GHz-Windows-11-Notebook-Gaming-Computer-2160-1440-IPS-Display-Wi_4faab721-40e1-467c-ab51-36fdcb577cef.51e0f05e94498595acaf2fffc58f4f90.jpeg,239,USD
laptop,1,36,69MTCSOBC821,Laptop Computers,"HP 14"" Laptop, Intel Core i3-1115G4, 4GB RAM, 128G SSD, Natural Silver, Windows 11 Home in S mode, 14-dq2031wm",HP,3.9,,"Take this HP 14"" Laptop anywhere, knowing you have the power of an Intel processor and 6.5mm micro-edge bezel display. Work, watch, and stay connected all day with the combination of long-lasting battery life and quick charging capability. The thin and light design is made for portability.",https://i5.walmartimages.com/seo/HP-14-Laptop-Intel-Core-i3-1115G4-4GB-RAM-128G-SSD-Natural-Silver-Windows-11-Home-in-S-mode-14-dq2031wm_d3df6009-cc66-44f8-b45e-16b8cb670e8c.22c4512667d72a24e1a97ba67bd5fc0d.jpeg,329,USD
laptop,1,34,34KTMPZ7JN61,Laptop Computers,"HP 15.6"" FHD Touch Laptop, AMD Ryzen 7 5700U, 16GB RAM, 512GB SSD, Silver, Win 11 Home, 15-ef2747wm",HP,4.2,,"Designed to keep you productive and entertained from anywhere, the HP 15.6 inch laptop combines long lasting battery life with a thin micro-edge bezel design. The HP 15"" Laptop is thin, light, and designed to travel. See more of your photos, videos and projects on a 6.5 mm micro-edge FHD touch display. Powerful enough for your busiest days, this laptop features an AMD Ryzen 7 processor and a solid state drive for speedy boot-up and overall experience. Save more of what you love with storage of 512GB SSD. Work, watch, and stay connected all day with 9 hours and 30 minutes of battery life and HP Fast Charge technology. Integrated precision touchpad with multi-touch support speeds up navigation and productivity. Seamlessly and securely log into your device with the touch of your finger.  12-month Microsoft 365 Personal subscription included with this PC; activation required.",https://i5.walmartimages.com/seo/HP-15-6-FHD-Touch-Laptop-AMD-Ryzen-7-5700U-16GB-RAM-512GB-SSD-Silver-Win-11-Home-15-ef2747wm_fe85eb3e-85f9-4ab1-b210-289f86a1af55.71be27342cf976835a4376f490abd489.jpeg,458,USD
laptop,1,33,2S85ATXPMQN4,Laptop Computers,"HP 14"" FHD Pavilion x360 Laptop, Intel Core i5-1235U, 8GB, 256GB, Silver, Windows 11, 14-dy2050wm",HP,4,,"HP's most compact x360 2-in-1 laptop is built for streaming and getting more done wherever you go. The 360-degree hinge makes the screen fully rotatable so you can binge your favorite entertainment in any position. Staying connected is a breeze with strong Wi-Fi 6 connectivity, wide-angle HD camera with dual array digital microphone, and long battery life that lasts all day. The dynamic 12th Generation Intel Core processor distributes impressive performance for everything you need your HP Pavilion to do.",https://i5.walmartimages.com/seo/HP-14-FHD-Pavilion-x360-Laptop-Intel-Core-i5-1235U-8GB-256GB-Silver-Windows-11-14-dy2050wm_9adc6605-4ea2-49c9-bde6-1f1a5dc9f223.ecb64e26e4509f917e2d41d07ae79790.jpeg,443.9,USD
laptop,1,32,6HPRESSEOWDI,Laptop Computers,"HP 15.6"" Laptop, Intel Processor N200 (Pentium), 4GB RAM, 128GB UFS, Natural Silver, Windows 11 Home in S Mode, 15-fd0081wm",HP,4,,"Say hello to the most reliable PC that easily passes the vibe check. HP 15"" Laptop is built with dependable technology, next-level power, and rock-solid performance that turns your to-do lists into to-done lists. Go from shopping to streaming to keeping up with friends all at the speed of fun. With HP PCs, you get more ‘oomph’ from your computer with less ‘oof’ from your wallet, so you can take on today with tech built for tomorrow. The HP 15.6"" Laptop PC empowers you to do more with the reliable power of an Intel Processor, plus fast storage, and powerful graphics in a sleek, thoughtfully designed device. Created for wherever the day takes you and built with ocean-bound and post-consumer recycled plastics, it’s easy to show some love for the planet.",https://i5.walmartimages.com/seo/HP-15-6-Laptop-Intel-Processor-N200-Pentium-4GB-RAM-128GB-UFS-Natural-Silver-Windows-11-Home-in-S-Mode-15-fd0081wm_bbf2f053-5b11-463c-b171-07686a36e316.a8d1c76f0b570f33edbd2ea1fb5a8465.jpeg,246.88,USD
laptop,1,31,6R4P0NY17JCX,Laptop Computers,"HP 15.6"" FHD Laptop, Intel Core i3-1115G4, 8GB RAM, 256GB SSD, Silver, Windows 11, 15-dy2131wm",HP,4.2,,"Make everyday productive when you work on this HP notebook computer. This HP laptop is thin and lightweight, so you can spend the workday at an outdoor café or on the road. Long battery life means you can keep going, and when you do need a charge, this fast charge laptop goes from 0 to 50% in approximately 45 minutes. The micro-edge display gives you an ultra-wide viewing experience that's ideal for seamless multi-monitor setups for the home office. Smoothly stream 4K content and play your favorite games with Intel UHD Graphics. The powerful 11th Gen Intel Core i3 processor makes you unstoppable with the ability to get tasks done fast with high performance, instant responsiveness and best-in-class connectivity. Wi-Fi 5 keeps you connected reliably for fewer interruptions, and Bluetooth 4.2 conveniently connects your accessories with wireless technology. Windows 11 Home (S mode) is the most secure Windows every built with added protection against phishing and malware. At the end of the day, know your data and personal projects are protected with the patented fingerprint reader. A simple touch of your finger locks and unlocks your computer, ensuring secure access. The 256 GB SSD laptop has storage for your photos, videos, documents and more, with up to 15x faster performance than a traditional hard drive. With HP QuickDrop, sharing files between your PC and mobile device is easier than ever. Snap a photo to share, send addresses for directions on-the-go, and view texts on your HP laptop's screen.",https://i5.walmartimages.com/seo/HP-15-6-FHD-Laptop-Intel-Core-i3-1115G4-8GB-RAM-256GB-SSD-Silver-Windows-11-15-dy2131wm_6c7e2e14-7227-4f32-a719-25deb9d90e33.3f13293deed185fa919bb764cc7835df.jpeg,369,USD
laptop,1,30,6CD4SEQ6GGO3,Laptop Computers,"KUU Yepbook Computer 15.6"" Windows 11 Pro Laptop with 16GB RAM 512GB SSD, Intel Celeron Processor and Backlit Keyboard - Great for Everyday Use",KUU,3.7,,"The KUU Yepbook gaming laptop is a sleek and lightweight device that offers both productivity and entertainment features. With its powerful Intel Celeron processor, UHD graphics, ample 16GB RAM, and a high-speed 512GB solid-state drive, it ensures seamless performance for all your tasks. The laptop comes with 7*24 hours online after-sales service, providing you with round-the-clock support whenever you need it. Whether you're working remotely, gaming, or streaming movies, the KUU Yepbook is an excellent choice for a portable device that delivers on all fronts.",https://i5.walmartimages.com/seo/KUU-Yepbook-Computer-15-6-Windows-11-Pro-Laptop-with-16GB-RAM-512GB-SSD-Intel-Celeron-Processor-and-Backlit-Keyboard-Great-for-Everyday-Use_a7f82f4b-e676-47f5-ab07-d5f3f53ac87e.4c5dab1160825b21c493b371cf33a504.jpeg,298,USD
laptop,1,28,3USEAKAO4YJ6,Laptop Computers,"KUU Yepbook 15.6in Laptop,8GB RAM, 256GB SSD, Intel Celeron N5095, Windows 11 Pro Laptops Computers, Cooling System,38000MWH Battery, Fingerprint",KUU,4.4,,"KUU 15.6-inch laptop, 8GB RAM, 256GB SSD, Intel Celeron N5095,  
Bluetooth 4.2, 2.4G+5G Wi-Fi, cooling system, 38 WHr battery, fingerprint recognition, weight 1.6 kg, Windows 11 Pro laptop, a perfect combination of high performance and low power consumption, which can handle all the complex tasks of gaming, studying, working, playing, surfing the Internet and so on!",https://i5.walmartimages.com/seo/KUU-Yepbook-15-6in-Laptop-8GB-RAM-256GB-SSD-Intel-Celeron-N5095-Windows-11-Pro-Laptops-Computers-Cooling-System-38000MWH-Battery-Fingerprint_6c09640b-2846-40a6-9c8d-b1b5699f7d80.89f66c4b7d655ac784068b8f1d1c83ea.jpeg,239,USD
laptop,1,27,2WZDH0I8JRHF,Laptop Computers,"Jumper 16"" Windows 11 4GB DDR4 128GB ROM Laptop 1920*1200 FHD 4-Core Intel Celeron, Free Office 1-Yr",Jumper,3.6,,"This 16-inch super large-screen laptop combines quad-core Intel Celeron and Intel Ultra HD graphics to produce a superior office and entertainment experience. Running Windows 11 operating system, support 2.4/5G WiFi, Bluetooth 4.2. One year of free access to legitimate office software, a laptop designed for college students and professionals",https://i5.walmartimages.com/seo/Jumper-16-Windows-11-4GB-DDR4-128GB-ROM-Laptop-1920-1200-FHD-4-Core-Intel-Celeron-Free-Office-1-Yr_97b89026-2441-4001-a56b-ab53d32ec1b7.754542640e2cdfb6566f4055a09ccdef.jpeg,259.99,USD
laptop,1,26,5A53Z8D9UYJB,Laptop Computers,"Auusda 14.1"" Laptop Intel Celeron J4125(Quad-core up to 2.7GHz), 8GB RAM, 256GB SSD, Windows 11 Pro Work Computer FHD 1920*1080P, Silver",Auusda,4.6,,"<p>The Auusda laptop is an ultra-portable, powerful, and versatile companion that can meet your daily office and multimedia needs. This Auusda Laptop Computer is 14.1 inch Screen (1920*1080) LCD 16:9 Glossy Display. With its powerful Intel Celeron Processor J4125 processor, 8GB of DDR4 RAM, and 256GB of NVME SSD storage, it can handle all your day-to-day tasks with ease. Whether you're working on documents, spreadsheets, or presentations, this laptop can keep up with your demands. Windows 11 Pro pre-installed, you can rest assured that you have a secure and efficient operating system. A durable 180-degree hinge that can be laid flat to share content easily. The laptop is also lightweight and portable, allowing you to take it with you wherever you go. The thinnest shell has a body size of 15mm and weighs 2.8 lbs, making it ultra-thin and lightweight for 14.1-inch laptops. The wifi and Bluetooth capabilities ensure that you stay connected to the internet and other devices, making collaboration with colleagues a breeze.</p><p>&nbsp;</p><p>Feature:</p><p>1) Intel Celeron J4125 processor, Up To 2.7 GHz CPU, 4 cores, 4 threads, 6MB Cache, and Intel® UHD Graphics 600</p><p>2) Windows 11 Pro operating system</p><p>3) 14.1"" 1920 x 1080 FHD IPS LCD Screen</p><p>4) 8GB RAM 256GB SSD, Enjoy laptop speed and performance</p><p>5) Bluetooth 4.2, Dual-Band WiFi 2.4G/5G</p><p>6) Lightweight design and advanced connectivity</p>",https://i5.walmartimages.com/seo/Auusda-14-1-Laptop-Intel-Celeron-J4125-Quad-core-up-to-2-7GHz-8GB-RAM-256GB-SSD-Windows-11-Pro-Work-Computer-FHD-1920-1080P-Silver_660dca74-d33d-42ef-9861-c465a9a4bccd.021b0e646b6df9c50d8603fa03064505.jpeg,219.9,USD
laptop,1,25,6FGZEZH12EDK,Laptop Computers,Jumper 16in Windows 11 Laptop 16GB RAM 512GB SSD Computer 4-Core Intel Celeron 1920*1200 IPS Screen,Jumper,3.4,,"<p><b>16"" Fullview Screen</b></p>
<p></p>
<p></p>
<p>Jumper <b>16-inch</b> laptop has high-definition display with an optimal resolution of <b>1920 x 1200</b> pixels. A stunning <b>16 : 10 widescreen </b>display with <b>93%</b> screen-to-body ratio gives you more space to stream, edit, and create.</p>
<p></p>
<p></p>
<p><b>16GB DDR4 RAM &amp; 512GB SSD Storage</b></p>
<p></p>
<p></p>
<p>Equipped with <b>16GB </b>high-speed <b>DDR4</b> memory, <b>512GB SSD storage </b>and faster, smoother and energy-efficient performance.Equipped with a TF card expansion slot that supports <b>256GB TF expansion.</b></p>
<p></p>
<p></p>
<p><b>Four Stereo Speakers</b></p>
<p></p>
<p></p>
<p>Comes with Four high quality stereo speakers and dual microphone reception for a more immersive sound experience and video entertainment.</p>
<p></p>
<p></p>
<p><b>Multiple ports, for greater versatility</b></p>
<p></p>
<p></p>
<p>With the help of AC dual band WiFi, Bluetooth 4.0, standard USB3.0 and Type-C for easy connection to various peripherals and high-speed wireless transmission. Also, HDMI output for HD audio, video.</p>
<p></p>
<p><b>Quad-core processor</b></p>
<p><b>Intel Celeron N100</b>, up to <b>2.9Ghz</b>, supports a variety of office software, video software running at the same time</p>",https://i5.walmartimages.com/seo/Jumper-16in-Windows-11-Laptop-16GB-RAM-512GB-SSD-Computer-4-Core-Intel-Celeron-1920-1200-IPS-Screen_2942dfa4-379c-493b-9965-cc663f04c964.48a041500db8e442313ac5c25f1f7ced.jpeg,329.99,USD
laptop,1,24,3YKJ2O9HIWW6,Laptop Computers,HP Chromebook Laptop Computer,HP,3.8,,"<h3>Overview</h3><p>Help students reach their potential with cloud-first learning on the durable HP Chromebook 11A G8 EE that keeps pace with active student lifestyles while the fast-booting Chrome OS makes IT management easy.</p><br><h3>Features</h3><h4>A Chromebook built to withstand students and school days</h4><p>Give students a Chromebook that can survive a fall off a desk, a splash from a soda or a tugged power cord. It resists spills and attempts to remove keys, has metal-reinforced corners, and is 122 cm drop tested—higher than most desks.</p><h4>Classroom-ready performance</h4><p>Quickly stream and access textbooks, tests, and more with AMD processors and the Chrome OS. Work continuously with long battery life and fast recharging. Easy to control and manage student interactions with HP Classroom Manager.</p><h4>Engaging discussions</h4><p>Show and share Android™ and G Suite apps in class on a lie-flat device. Bring distance learning closer and collaborate remotely in real-time with a webcam and HP Extended Range Wireless LAN.</p><br><h3>Software included</h3><p>Chrome Education Upgrade (Sold separately); Chrome Enterprise Upgrade (Sold separately); HP Classroom Manager (Sold separately)</p><br><h5>Disclaimers</h5><ol><li> Internet access required and sold separately. Some apps may require purchase.</li><li> 122 cm test on plywood and 76 cm test on concrete. Drop test is not a guarantee of future performance under these test conditions. Any accidental damage requires an optional HP Accidental Damage Protection Care Pack.</li><li> HP Total Test Process testing is not a guarantee of future performance under these test conditions. Any accidental damage requires an optional HP Accidental Damage Protection Care Pack.</li><li> Multi-core is designed to improve performance of certain software products. Not all customers or software applications will necessarily benefit from use of this technology. Performance and clock frequency will vary depending on application workload and your hardware and software configurations. AMD’s numbering is not a measurement of clock speed.</li><li> Sold separately. Internet access required and sold separately.</li><li> Based on internal testing vs. previous generation product with 802.11ac wireless LAN module.</li></ol><br>",https://i5.walmartimages.com/seo/HP-Chromebook-Laptop-Computer_fa8c83fe-0312-460d-bdc9-5c20e3d6db3b.41c4c7da1287027eb82f9a29663e0f3f.jpeg,269.41,USD
laptop,1,23,5XOOCYOFSA7B,Laptop Computers,"Auusda 15.6"" Laptop Intel Alder N95, 16GB RAM, 512GB SSD, Windows 11 Pro Work Computer, Fingerprint Reader, Backlit Keyboard, Silver",Auusda,3.9,,"<p><b>Introduction:</b><br>
The <b><font color=""red"">Auusda laptops</font></b> is an ultra portable, powerful, and versatile companion that can meet your daily office and multimedia needs. This Auusda Laptop Computer is 15.6 inch Screen (1920*1080) LCD 16:9 Glossy Display. With its powerful Intel Celeron Processor N95 processor, 16GB of DDR4 RAM, and 512GB of NVME SSD storage, it can handle all your day-to-day tasks with ease. Whether you're working on documents, spreadsheets, or presentations, this laptop can keep up with your demands. Windows 11 Pro pre-installed, you can rest assured that you have a secure and efficient operating system. A durable 180 degree hinge that can be laid flat to share content easily. The laptop is also lightweight and portable, allowing you to take it with you wherever you go. The thinnest metal shell has a body size of 18mm and weighs 3.7 lbs, making it ultra thin and lightweight for 15.6-inch laptops. The wifi and Bluetooth capabilities ensure that you stay connected to the internet and other devices, making collaboration with colleagues a breeze.</p>

<p><b>Feature:</b><br>
1) 11th generation Intel Alder N95 processor, Up To 3.4 GHz CPU, 4 cores, 4 threads, 6MB Cache, and Intel UHD Graphics<br>
2) Windows 11 Pro operating system<br>
3) 15.6"" 1920 x 1080 QHD IPS LCD Screen<br>
4) 16GB RAM 512GB SSD, Enjoy laptop speed and performance<br>
5) Bluetooth 4.2, Dual-Band WiFi 2.4G/5G<br>
6) Full size Backlit Keyboard <b><font color=""red"">(Fn+F5)</font></b><br>
7) Fingerprint Recognition device, privacy protection<br>
8) Lightweight design and advanced connectivity</p><p></p>",https://i5.walmartimages.com/seo/Auusda-15-6-Laptop-Intel-Alder-N95-16GB-RAM-512GB-SSD-Windows-11-Pro-Work-Computer-Fingerprint-Reader-Backlit-Keyboard-Silver_68786b29-4339-4648-87f9-b7caeaffecde.ab40b752412e1847dbf66487041669d5.jpeg,289.99,USD
laptop,1,22,66FA29E3GF8O,Laptop Computers,"ASUS Vivobook 15.6” FHD PC Laptop, Intel i3-N305, 8GB, 256GB, Windows 11, Green Grey, E1504GA-WS34",ASUS,4.5,,"ASUS Vivobook Go 15 is lightweight and compact. It’s designed to make you productive and keep you entertained wherever you go. With its 180° lay-flat hinge, physical webcam shield and loads of thoughtful design features, Vivobook Go 15 is the laptop that sets you free on the go.  Vivobook Go 15 OLED is powered by an Intel® Core™ i3-N305 processor, 8 GB of speedy DDR4 memory and 256 GB of storage to help you complete all your productivity missions.",https://i5.walmartimages.com/seo/ASUS-Vivobook-15-6-FHD-PC-Laptop-Intel-i3-N305-8GB-256GB-Windows-11-Green-Grey-E1504GA-WS34_a523959b-74fc-4b3b-9c59-95ab7681b6a1.737dee4c916dcbae1858ad384f731bea.jpeg,379,USD
laptop,1,21,3W0M192GZN15,Laptop Computers,"SGIN 17.3in 4gb DDR4 128gb SSD Windows 11 Laptop FHD IPS 1920 x 1080 FHD Dual Core Intel i3, HDMI",SGIN,4.1,,"Whether for work, entertainment or gaming time, SGIN M17S is an entry-level laptop that provides powerful performance and immersive visual effects.  It has a 17.3-inch screen and 1080 * 1920 resolution.  Internally, Built in base Frequency 2.40 Ghz Intel i3 processor with 4GB RAM and 128GB storage.  Windows 11 Home is a 100% application based version of Windows that is validated and quality tested in the Microsoft Store.",https://i5.walmartimages.com/seo/SGIN-17-3in-4gb-DDR4-128gb-SSD-Windows-11-Laptop-FHD-IPS-1920-x-1080-FHD-Dual-Core-Intel-i3-HDMI_88328241-660f-4ede-b877-7e9c0bcf3fb5.46440b6d35563dd2476d8b51d2a5d1c5.jpeg,289.99,USD
laptop,1,20,4YVFGTVNV8YR,Laptop Computers,"HP Stream 14"" Laptop, Intel Celeron, 4GB, 64GB, Silver, Win 11 (S Mode), Office 365 1Yr, 14-cf2723wm",HP,3.6,,"""The HP Stream 14"""" Laptop is slim and ultra-portable with longlasting battery life—so you can stay social, productive, and connected. Designed for portability and features a micro-edge HD display with an ultra-narrow bezel for a smaller frame. With an Intel processor and a super responsive precision touch pad – you’ve got the power to surf, stream, and do more like never before. Work and play all day with up to 11 hours and 15 minutes battery life. Includes a USB-C port for future connectivity. 12-month Microsoft 365 Personal subscription included with this PC; activation required. Always have the latest AI-powered Office apps, 1 TB of cloud storage, and premium mobile features to stay on top of things wherever you are on any device.""",https://i5.walmartimages.com/seo/HP-Stream-14-Laptop-Intel-Celeron-4GB-64GB-Silver-Win-11-S-Mode-Office-365-1Yr-14-cf2723wm_d9c9d857-ffaf-46f3-91de-47bb055e1a4c.7bf4608bd524685dee8f615e69cbc08d.jpeg,179,USD
laptop,1,19,6DJTVQWMTRE1,Laptop Computers,"HP 15.6"" Laptop, Intel Core i5-1135G7, 2.4GHz Intel Iris Xe Graphics, 8GB Ram 512GB SSD, Windows 11, Natural Silver, 15-dy2152wm",HP,4.2,,HP Laptop 15-dy2152wm,https://i5.walmartimages.com/seo/HP-15-6-Laptop-Intel-Core-i5-1135G7-2-4GHz-Intel-Iris-Xe-Graphics-8GB-Ram-512GB-SSD-Windows-11-Natural-Silver-15-dy2152wm_1ba66cba-c16d-45b1-b051-536ddbc0ea94.f9c34f840f118549ad2fdbdfd931f3ae.jpeg,442.9,USD
laptop,1,18,41RPV6TRN4LK,Laptop Computers,ACEMAGIC Laptop 15.6 FHD 16GB DDR4 512GB SSD Intel Alder Lake N95 up to 3.4GHz with Windows 11,Acemagic,4.7,,"<p><b>Introduction:</b></p><p>ACEMAGIC is a company integrating R&amp;D, production and sales. Immersed in the electronics manufacturing industry for many years, we have formed a complete and mature supply chain system. We pay attention to the voice of customers and constantly create    better products. We hope that our products can make people more beautiful life.</p><p><br></p><p><b>Why Choose ACEMAGIC AX15 Laptop?</b></p><p>1. Powerful Peformance: Integrated Intel UHD graphics up to 1200MHz, with stronger graphics processing capability, easy to realize your multi-tasking.</p><p>2. Memory storage upgrade support: Support expansion of 128GB TF card(not include), the Laptop has built-in 16GB DDR4 and 512GB SSD with single slot support for up to 32GB DDR4 2666Mhz and 2TB M.2 2280 SSD (The upgrade needs to be opened inside the    machine Please perform it under professional guidance)</p><p>3. Lay flat design 180°: Flip chain is used at the connection of notebook clamshell, which expands more usage scenarios. Sharing content or collaborating with friends made easy</p><p>4. Full sense of control: The Laptop is designed with a full-size keyboard, allowing you to type without difficulty. The large trackpad makes it easier to choose what you want</p><p>5. Scientific cooling scheme: The Laptop comes with a smart silent fan and cooling copper tubing to ensure continuous work while minimizing noise.</p><p>Make communication easier: Built-in speaker and microphone with mature wireless technology, enjoy online chat with family and friends without barriers.</p><p><br></p><p><b>Specification:</b></p><p>Brand: ACEMAGIC</p><p>Model: AX15</p><p>Color: Silver</p><p>Screen Size: 15.6 Inches</p><p>RAM: 16GB DDR4</p><p>Hard Drive: 512 GB M.2 2280 Solid State Drive</p><p>Processor: Intel Alder Lake N95</p><p>Graphics Card: Intel UHD Graphics 1200MHz Integrated</p><p>CPU Speed: 3.4GHz</p><p>Operating System: ‎Windows 11 Pro</p><p>Resolution: 1920 x 1080 pixels</p><p>Dimensions: ‎14.07 x 9 x 0.66 inches</p><p>‎Weight: 3.74 lbs</p><p><br></p><p><b>AX15 Laptop Interface:</b></p><p>1x TF Card Socket(Support expansion of 128GB)</p><p>2x USB3.2</p><p>1x USB2.0</p><p>1x 3.5mm Headphone jack</p><p>1x Type-C (Data)</p><p>1x HDMI</p><p>1x Type-C (DC jack)</p><p><br></p><p><b>Package List:</b></p><p>1x ACEMAGIC AX15 Laptop(16+512GB)</p><p>1x Power Adapter</p><p>1x User Manuel</p>",https://i5.walmartimages.com/seo/ACEMAGIC-Laptop-15-6-FHD-16GB-DDR4-512GB-SSD-Intel-Alder-Lake-N95-up-to-3-4GHz-with-Windows-11_67d9428f-41fe-473c-a419-4fdbb6f9cd2d.95117f2570ad4b3971589b1950ee4298.jpeg,279.29,USD
laptop,1,16,7D6RGTNV86JK,Laptop Computers,"HP 15.6"" FHD Laptop, Intel Core i3-1215U, 8GB RAM, 256GB SSD, Silver, Windows 11 Home, 15-dy5131wm",HP,4.2,,"Designed to keep you productive and entertained from anywhere, the HP Laptop combines long lasting battery life with a thin and portable, micro-edge bezel design. Do more with a Full HD  display and enjoy vivid and flicker-free images. Tackle your busiest days with the performance of an Intel Core processor. Save more of what you love with abundant storage for all your photos, videos and documents. With a long battery life and fast-charge technology, this laptop lets you work, watch, and stay connected all day. Integrated precision touchpad with multitouch support speeds up both navigation and productivity, and fingerprint reader gives you a seamless, secure login. This laptop is EPEAT Silver registered and ENERGY STAR certified and it contains sustainable, post-consumer recycled plastics.",https://i5.walmartimages.com/seo/HP-15-6-FHD-Laptop-Intel-Core-i3-1215U-8GB-RAM-256GB-SSD-Silver-Windows-11-Home-15-dy5131wm_6c7e2e14-7227-4f32-a719-25deb9d90e33.3f13293deed185fa919bb764cc7835df.jpeg,309.39,USD
laptop,1,15,16EJ41JMIHPB,Laptop Computers,"CHUWI HeroBook Pro 14.1"" Laptop,256GB SSD 8G RAM,Windows 11 Bussiness Notebook Computer PC,Intel Gemini-Lake N4020 Quad Core Processor,IPS Screen,1TB SSD Expand",Chuwi,4.5,,"<strong>14.1 Inches IPS Screen:</strong> 14.1-inch display gives this device the portability you need for work or business travel, without sacrificing the visual experience for video streaming and gaming.<br>
<strong>Intel Celeron N4020:</strong> With a base clock of 1.1GHz and a boost clock of 2.8 GHz, this 6W TPD dual-core processor can handle day-to-day office productivity workloads without any lag and with low heat generation.<br>
<strong>Full-Sized Keyboard:</strong> Featuring a borderless layout along with 17mm keycap and 3mm keypitch, typing on this keyboard is comfortable, fast and accurate, which increase your confidence and efficiency when typing.<br>
<strong>Expandable Storage:</strong> Equipped with 8GB DDR4 memory and 256GB SSD, you can enjoy a 50% faster access compared to its predecessor, the storage space is upgrade-friendly with TF card slot(max 512GB) and M.2 slot(max 1TB).<br>
<strong>Spacious Trackpad:</strong> Sized at 5.75 inches, this massive touchpad supports multi-touch gestures up to four fingers, allowing you to slide, tap, and swipe limitlessly in a spacious area, it also offering you a more comfortable ergonomic input option.<br>",https://i5.walmartimages.com/seo/CHUWI-HeroBook-Pro-14-1-Laptop-256GB-SSD-8G-RAM-Windows-11-Bussiness-Notebook-Computer-PC-Intel-Gemini-Lake-N4020-Quad-Core-Processor-IPS-Screen-1TB_19511870-ffa2-4c2d-b78e-d9b4f9d09152.e5347a5bcb111df96d7d59b4efbaec2d.jpeg,195.99,USD
laptop,1,14,6WYZ86HP1ED5,Laptop Computers,"HP 15.6"" FHD Laptop, Intel Core i5-1135G7, 8GB RAM, 256GB SSD, Silver, Windows 11 Home, 15-dy2795wm",HP,4.2,,"Designed to keep you productive and entertained from anywhere, the HP Laptop combines long lasting battery life with a thin and portable, micro-edge bezel design. Do more with a Full HD  display and enjoy vivid and flicker-free images. Tackle your busiest days with the performance of an Intel Core processor. Save more of what you love with abundant storage for all your photos, videos and documents. With a long battery life and fast-charge technology, this laptop lets you work, watch, and stay connected all day. Integrated precision touchpad with multitouch support speeds up both navigation and productivity, and fingerprint reader gives you a seamless, secure login. This laptop is EPEAT Silver registered and ENERGY STAR certified and it contains sustainable, post-consumer recycled plastics.",https://i5.walmartimages.com/seo/HP-15-6-FHD-Laptop-Intel-Core-i5-1135G7-8GB-RAM-256GB-SSD-Silver-Windows-11-Home-15-dy2795wm_3aa79615-29ab-4859-8348-9bd71971f50d.bcbf2f92accb13e86d12b2c9734c2320.jpeg,357.96,USD
laptop,1,13,7HEWDMTA0CSO,Laptop Computers,"Acer Aspire 3, 15.6"" FHD, Intel Core i3-N305 UHD Graphics, 8GB LPDDR5, 128GB UFS, Windows 11 Home in S mode, Silver, NX.KPTAA.001",Acer,4.6,,"Choose the ready-to-go Aspire 3 with the Intel Core i3 processor and Intel UHD graphics inside - made for performance and productivity. With ease-of-use at its core, this family-friendly laptop is ready when you are. With Windows 11 Home in S mode, you’ll experience fast start-ups, a familiar yet expanded Start menu, and great new ways to get stuff done. And with automatic updates enabled, you get all the latest features and security hassle-free. Work, play and share all in one device!",https://i5.walmartimages.com/seo/Acer-Aspire-3-15-6-FHD-Intel-Core-i3-N305-UHD-Graphics-8GB-LPDDR5-128GB-UFS-Windows-11-Home-in-S-mode-Silver-NX-KPTAA-001_a20f1808-8264-447d-8c11-704ccd75c330.978b3944f11c76acf0a387cd49b63b81.jpeg,299,USD
laptop,1,12,0U69196916X5,Laptop Computers,"SGIN 17in 8gb DDR4 512gb ROM Windows 11 Laptop IPS 1920 x 1080 FHD 4-Core Intel Celeron, Mini HDMI",SGIN,4.7,,"This is a computer after multiple quality testing, each computer has been tested by the QC department, in order to customers get a quality assurance of the computer. With 8GB DDR4 and 512GB eMMc, and a 17.3-inch ultra huge screen, it's perfect for office and entertainment. The latest Windows 11 operating system brings the latest and greatest operating experience. Built-in 2-core Intel Celeron, up to 2.9Ghz, easily capable of basic office, entertainment, basic games and other aspects of the operation. The 17 inch laptop come with IPS display features stunning FHD resolution (1920 x 1080 pixels). With true-to-life colors and incredible contrast, the narrow-edge display of SGIN laptop definitely feast your eyes. The text is sharp and clear, and the colors are more vivid. The SGIN Laptop computer is the best choices for college prep/ college tech gift.",https://i5.walmartimages.com/seo/SGIN-17in-8gb-DDR4-512gb-ROM-Windows-11-Laptop-IPS-1920-x-1080-FHD-4-Core-Intel-Celeron-Mini-HDMI_d6ca160d-b4b3-4d7b-956a-2edbfdaeaf02.084c33e2f70e5d2fb56fffc8699136d8.jpeg,299.99,USD
laptop,1,10,5W9T9UOQW874,Laptop Computers,"15.6"" KUU Laptop Intel Celeron N5095, 16GB RAM, 512GB SSD, Win 11 Pro, Backlit Keyboard, Wifi & Bluetooth",KUU,4.3,,"FN+F5 turns on backlight.The 15.6-inch laptop boasts a metallic shell and weighs 1682g. It incorporates a 4-core Intel Celeron and Intel UHD Graphics, resulting in superior video and gaming experiences. The laptop runs on Windows 11 Pro, has a backlit keyboard, and supports WiFi and Bluetooth connectivity. Its sleek silver exterior exudes style.",https://i5.walmartimages.com/seo/15-6-KUU-Laptop-Intel-Celeron-N5095-16GB-RAM-512GB-SSD-Win-11-Pro-Backlit-Keyboard-Wifi-Bluetooth_c7bd1af3-c103-4d73-a9fd-5835fe0ff76a.d11041860b24a9e288796b8c2dcdce1a.jpeg,298,USD
laptop,1,8,1JZYOD5SP6A3,Laptop Computers,"HP 15.6"" Laptop, Intel Core i3-1115G4, 8GB RAM, 256GB SSD, Spruce Blue, Windows 11 Home in S mode, 15-dy2792wm",HP,4.5,,"Designed to keep you productive and entertained from anywhere, the HP 15.6"" Laptop PC combines long lasting battery life with a thin and portable, micro-edge bezel design. Do your thing all day and wherever you prefer with the HP 15.6"" Laptop's lightweight design. Enjoy comfortable computing with a flicker-free, anti-glare HD screen and experience reliable performance thanks to the Intel Core processor. Plus, made with the planet in mind, this HP laptop is EPEAT Silver registered and ENERGY STAR certified.",https://i5.walmartimages.com/seo/HP-15-6-Laptop-Intel-Core-i3-1115G4-8GB-RAM-256GB-SSD-Spruce-Blue-Windows-11-Home-in-S-mode-15-dy2792wm_c2ed1dca-10ee-4df2-b31b-9e8b9553311e.94cf531e65ec380e75de9f5dc16ab0e2.jpeg,341.99,USD
laptop,1,7,5TC9S9S6MPTS,Laptop Computers,"HP 15.6"" FHD Laptop, AMD Ryzen 5 7520U, 8GB RAM, 256GB SSD, Pale Rose Gold, Windows 11 Home, 15-fc0039wm",HP,4.4,,"<p>Say hello to the most reliable PC that easily passes the vibe check. The HP 15"" Laptop is built with dependable technology, next-level power, and rock-solid performance that turns your to-do lists into to-done lists. Go from shopping and streaming to keeping up with friends all at the speed of fun. With HP PCs, you get more 'oomph' from your computer with less 'oof' from your wallet, so you can take on today with tech built for tomorrow. The HP 15.6"" Laptop comes feature-packed for productivity and making the planet happy. Built with recycled materials, this powerful HP laptop features an AMD processor, ample storage, and mesmerizing graphics. Plus its 85 percent screen-to-body ratio and 3-sided narrow bezel offer plenty of room to do and see more that matters.</p>",https://i5.walmartimages.com/seo/HP-15-6-FHD-Laptop-AMD-Ryzen-5-7520U-8GB-RAM-256GB-SSD-Pale-Rose-Gold-Windows-11-Home-15-fc0039wm_016446eb-4ada-4429-84b0-4badb49d083e.d83a8f1aeadc64a771d4dd1c375c46bd.jpeg,448.98,USD
laptop,1,6,1JGW0OXYMXJC,Laptop Computers,"Lenovo IdeaPad 1i 15.6"", Intel Core i5-1235U, 8GB RAM, 512 GB SSD, Cloud Grey, Windows 11 in S Mode, 82QD00CJUS",Lenovo,4.2,,"The IdeaPad 1i raises the bar on every affordable laptop with a super-efficient up-to-12th Generation Intel processor in a thin and compact 17.9 mm chassis that makes multitasking a breeze while boosting energy efficiency with up-to-10 hours of battery life and rapid charge. Get more value with four-sided narrow bezels for maximum screen, Dolby Audio speakers and Flip to Start for instant bootup. Optimize your video call experience with a 720P camera that comes with a privacy shutter to keep out prying eyes and Smart Noise Cancelling to cut out background noise.",https://i5.walmartimages.com/seo/Lenovo-IdeaPad-1i-15-6-Intel-Core-i5-1235U-8GB-RAM-512-GB-SSD-Cloud-Grey-Windows-11-in-S-Mode-82QD00CJUS_6f122d34-2a26-4d5d-9f33-145e4f26c0d0.6f7b1e5ed060b0c29e841ca92c0f0436.jpeg,379,USD
laptop,1,5,2UUW27VF2A68,Laptop Computers,"ASUS 15.6"" FHD Laptop, Intel Pentium, 4GB RAM, 128GB eMMC, Windows 11 Home in S mode with One Year of Microsoft 365 included,  L510MA-WS21",ASUS,3.8,,"<p>The ASUS VivoBook Go L510MA is designed to help you be productive all day - even when you're on the move. This compact and lightweight 15.6"" laptop is powered by the latest Intel processor and provides long lasting batter life. With eMMC storage and pre-loaded Windows 11 in S mode, it offers full compatibility with a wide range of software and peripherals. It's the best laptop for people on the go!</p>",https://i5.walmartimages.com/seo/ASUS-15-6-FHD-Laptop-Intel-Pentium-4GB-RAM-128GB-eMMC-Windows-11-Home-in-S-mode-with-One-Year-of-Microsoft-365-included-L510MA-WS21_36541007-5c82-4cd3-a138-5417cdb0caf6.c2b0f3ad92c8e589fff12204e7cea397.jpeg,199,USD
laptop,1,4,53R32LOLJJVL,Laptop Computers,"HP 15.6"", Laptop Intel Pentium Processor 4GB RAM, 128GB UFS, Scarlet Red, Windows 11, 15-fd0083wm",HP,4,,"Say hello to the most reliable PC that easily passes the vibe check. HP 15"" Laptop is built with dependable technology, next-level power, and rock-solid performance that turns your to-do lists into to-done lists. Go from shopping to streaming to keeping up with friends all at the speed of fun. With HP PCs, you get more ‘oomph’ from your computer with less ‘oof’ from your wallet, so you can take on today with tech built for tomorrow. The HP 15.6"" Laptop PC empowers you to do more with the reliable power of an Intel Processor, plus fast storage, and powerful graphics in a sleek, thoughtfully designed device. Created for wherever the day takes you and built with ocean-bound and post-consumer recycled plastics, it’s easy to show some love for the planet.",https://i5.walmartimages.com/seo/HP-15-6-Laptop-Intel-Pentium-Processor-4GB-RAM-128GB-UFS-Scarlet-Red-Windows-11-15-fd0083wm_469f6dc2-46b9-418f-a427-f8dd859ccd43.4cc917007940096c8b4606cc52732e1c.jpeg,239,USD
laptop,1,3,6ZH8MYU670HY,Laptop Computers,"SGIN 15.6inch Laptop 4GB DDR4 128GB SSD Windows 11 with 4 Core Intel Celeron, HD 1366*768 IPS",SGIN,4.3,,"This is a computer after multiple quality testing, each computer has been tested by the QC department, in order to customers get a quality assurance of the computer.  With 4GB DDR4 and 128GB SSD, and a 15.6-inch screen, it's perfect for office and entertainment.  The latest Windows 11 operating system brings the latest and greatest operating experience. Built-in Quad-core Intel Celeron, up to 2.9Ghz, easily capable of basic office, entertainment, basic games and other aspects of the operation. The SGIN M15 laptop computer is the best choices for college prep/ college as tech gift. If you have any questions, please feel free to contact us first.",https://i5.walmartimages.com/seo/SGIN-15-6inch-Laptop-4GB-DDR4-128GB-SSD-Windows-11-with-4-Core-Intel-Celeron-HD-1366-768-IPS_5ef57c1c-eb19-4975-a8f5-468530ca131a.2237d30635f2d0b3ab76518bf69ccb2d.jpeg,209.99,USD
laptop,1,2,79BDX287ZHAF,Laptop Computers,"ASUS Vivobook 16” PC Laptop, Intel Core i7-1255U, 16GB, 512GB, Win 11 Home, Black, F1605ZA-WS74",ASUS,4.5,,"Everything is smoother with the powerful ASUS Vivobook 16, the feature-packed laptop with user-friendly features including a 180° lay-flat hinge, a physical webcam shield and dedicated function keys to turn your mic on or off. Your health is in safe hands with ASUS Antimicrobial Guard Plus protecting frequently-touched surfaces, and the bigger touchpad is now more finger-friendly. Enjoy the smooth power of Vivobook 16 for everyday use.",https://i5.walmartimages.com/seo/ASUS-Vivobook-16-PC-Laptop-Intel-Core-i7-1255U-16GB-512GB-Win-11-Home-Black-F1605ZA-WS74_2ca09af0-253d-4c95-9ac1-3aa5a9ace260.0fb0c855cfe18be938c38174863f87ba.jpeg,499,USD
